"","A10376","A10442","A10469","A10459","A10470","A10046","A10210","A10029","A10224","A10388","A10451","A10114","A10495","A10081","A10151","A10441","A10474","A10468","A10477","A10472","A10209","A10236","A10410","A10368","A10067","A10254","A10457","A10262","A10048","A10235","A10172","A10006","A10345","A10419","A10401","A10365","A10427","A10121","A10227","A10089","A10272","A10158","A10261","A10101","A10139","A10415","A10493","A10314","A10250","A10485","A10245","A10229","A10063","A10166","A10201","A10509","A10049","A10411","A10423","A10403","A10507","A10438","A10476","A10480","A10197","A10276","A10409","A10012","A10069","A10186","A10036","A10498","A10426","A10428","A10316","A10315","A10206","A10182","A10429","A10378","A10054","A10357","A10383","A10238","A10255","A10387","A10497","A10500","A10322","A10278","A10463","A10464","A10070","A10282","A10015","A10269","A10107","A10078","A10305","A10430","A10424","A10501","A10437","A10202","A10100","A10279","A10294","A10014","A10450"
"ABCA13",0,0,23,10,6,0,1,8,0,15,0,0,2,6,3,0,1,2,0,0,0,0,0,6,1,0,1,1,0,3,0,0,0,5,3,0,16,0,1,0,7,2,2,3,3,2,0,5,1,1,1,1,0,1,0,8,20,1,0,9,7,14,10,4,4,0,2,2,2,0,5,2,5,1342,142,0,9,0,0,3,4,10,6,0,22,0,8,5,31,0,0,16,0,2,0,25,5,0,0,0,0,0,1,2,1,14,4,0,1
"ACHE",0,26,0,6,9,1,1,7,0,0,0,9,0,0,0,1,0,7,4,31,47,0,0,1,17,4,25,24,4,0,26,1,18,10,0,1,1,4,4,55,3,2,2,2,6,0,0,1,44,1,0,2,14,0,0,0,0,3,0,2,0,8,0,9,1,2,0,3,3,4,2,12,0,0,0,5,2,4,0,5,1,0,3,17,6,14,6,0,2,0,0,7,1,13,4,0,15,0,0,0,0,0,1,1,1,4,2,0,11
"ACKR3",11,1,38,18,59,121,31,25,40,93,38,93,42,48,33,17,38,22,15,49,42,36,9,38,190,162,101,12,14,14,48,95,25,15,36,29,24,30,49,47,90,14,19,43,72,101,48,43,304,37,88,37,168,13,17,14,21,1174,8,11,236,110,39,63,161,45,65,49,145,22,34,230,28,43,101,632,24,3,26,62,75,28,61,615,39,56,68,27,46,52,9,780,96,492,37,30,210,45,91,89,6,6,19,44,38,19,44,10,18
"ACTBP2",5,40,0,13,7,8,0,3,9,8,24,5,51,18,17,8,15,2,8,4,6,15,15,15,3,2,1,26,6,6,9,10,20,19,3,16,18,5,11,7,0,8,12,13,6,8,12,24,7,12,14,6,7,5,11,3,3,7,0,4,9,0,9,6,4,1,3,6,15,11,2,1,4,0,0,8,2,7,5,6,0,0,0,0,1,1,1,0,0,0,0,3,7,2,1,5,11,4,8,5,0,18,9,7,2,22,3,2,4
"ADAMTS2",0,0,937,12,25,1620,7,0,0,34,11,9,30,127,11,396,9,5,11,5,2,15,10,0,16,8,34,11,17,3,1108,58,2,5,289,19,730,17,48,50,6,9,0,3,86,3,18,72,4,4,181,132,17,0,121,104,27,3220,9,0,1817,2084,75,183,387,4,68,64,64,20,51,96,6,47,0,1401,11,252,0,336,39,133,2024,1852,357,2,21,229,306,330,0,3352,533,353,3,13,835,69,5,0,86,0,113,3,2,0,9,15,47
"ADAMTSL2",1,17,0,3,15,0,3,8,8,4,0,0,0,6,1,5,0,2,1,15,34,4,10,7,24,8,22,10,2,10,25,3,3,0,2,6,0,22,12,0,1,0,3,4,11,3,8,4,32,16,0,0,4,0,0,0,0,4,0,0,0,2,0,10,2,1,6,2,2,2,5,3,8,0,0,0,7,2,0,8,2,6,4,0,3,3,1,0,4,0,0,0,13,0,8,3,0,0,9,0,10,0,0,7,5,0,10,9,8
"ADGRG3",63,33,167,120,34,98,60,86,76,50,35,31,10,33,131,29,148,50,35,84,90,76,48,30,141,122,285,894,85,98,722,134,107,60,39,62,76,25,81,106,237,40,55,43,145,111,76,131,173,52,31,85,118,109,116,372,101,105,102,275,2503,408,190,78,128,155,99,93,82,89,26,139,42,302,369,221,39,76,94,195,465,336,835,86,85,290,119,1688,74,193,1,2651,240,275,109,148,507,0,75,16,73,25,79,32,19,9,30,58,133
"AK4",0,10,60,7,33,15,9,18,4,43,47,35,25,21,90,96,69,20,11,24,35,47,29,90,34,24,10,54,20,25,0,141,28,27,18,35,47,31,79,16,37,51,19,29,26,13,26,45,8,12,39,29,8,15,2,29,28,581,78,12,23,44,9,107,446,87,4,362,228,52,27,50,31,63,47,176,35,82,307,35,42,38,39,61,27,13,93,89,8,38,0,28,344,87,30,29,56,62,49,56,12,0,110,38,9,34,25,2,16
"ALOX15B",0,3,14,0,5,29,0,15,9,8,0,0,11,18,2,22,11,12,1,0,6,9,10,0,3,2,1,4,4,10,236,9,1,19,57,16,21,6,28,9,4,17,5,8,9,7,14,11,15,5,71,11,14,1,22,7,32,924,5,9,323,147,23,44,175,17,1,53,125,0,29,9,20,0,0,32,3,2,0,38,11,3,51,39,9,7,30,0,21,7,0,263,123,4,3,23,16,4,0,7,15,0,22,8,1,0,17,23,17
"AMPH",14,7,40,0,13,58,2,10,24,41,12,5,12,52,11,3,19,23,0,5,18,15,27,7,21,6,9,6,13,9,140,24,4,2,19,22,23,10,7,16,8,13,16,14,19,12,18,13,19,12,21,10,8,7,24,15,32,691,10,3,245,56,14,24,145,23,25,27,42,9,9,10,9,53,46,476,17,27,0,140,38,34,166,124,17,19,3,43,17,28,0,398,91,57,6,30,46,0,17,11,11,2,2,5,9,28,16,5,9
"ANGPTL4",0,0,0,16,13,10,0,10,0,4,0,36,0,6,0,5,1,4,3,16,42,3,4,14,47,3,5,21,0,9,15,81,21,1,3,2,4,6,5,28,14,0,5,4,16,7,8,9,11,5,3,5,25,3,6,9,2,171,0,6,3,24,9,12,15,7,2,87,37,11,3,43,3,0,0,0,8,4,0,62,30,20,37,7,6,28,19,31,14,57,0,0,57,647,7,2,585,0,0,0,10,0,14,2,3,0,7,22,25
"ANXA3",61,60,358,378,32,254,780,36,115,49,46,3,7,4,72,249,420,48,52,13,42,13,134,98,15,50,7,386,18,307,615,18,20,22,405,90,98,79,26,153,98,15,20,58,172,4,14,55,51,5,162,166,2,45,145,472,193,32,326,706,2034,423,104,6,70,146,101,640,167,1689,61,10,252,838,980,130,177,78,77,5,24,185,346,181,29,16,237,1452,84,878,112,1199,17,21,41,204,37,28,96,135,92,6,33,23,89,33,243,21,764
"AREG",298,16,1070,1184,108,669,102,428,446,1573,218,210,128,268,124,206,278,636,273,58,95,817,459,179,121,505,506,142,290,869,655,989,160,111,108,312,723,115,458,109,709,163,281,207,751,508,267,578,447,41,199,382,477,242,127,331,211,2857,371,182,1213,730,409,757,826,629,1061,702,229,105,599,988,70,315,107,1464,769,251,116,622,802,168,1344,1662,386,835,55,1964,430,1602,714,6145,2381,1625,268,243,698,139,139,1064,553,252,220,831,311,201,381,521,462
"ARG1",155,16,79,34,36,72,105,62,72,36,95,67,53,50,50,32,59,157,122,106,90,66,88,107,92,57,74,34,30,41,721,70,41,34,75,66,52,104,94,93,74,46,84,65,105,67,73,54,85,56,43,81,86,39,26,38,35,44,45,35,1875,152,88,43,72,34,64,41,29,37,74,73,18,1876,701,37,45,74,24,98,78,76,191,72,135,35,54,335,146,89,227,1223,54,88,53,65,93,86,111,210,88,147,27,42,38,147,51,62,119
"ARHGAP39",3,0,0,10,12,32,40,5,2,14,9,7,0,0,4,5,4,3,32,39,7,4,1,6,5,0,8,8,3,2,57,9,15,12,0,8,0,20,8,11,8,2,9,14,4,5,5,2,10,6,6,13,7,2,0,0,9,4,0,0,0,0,0,5,3,2,14,2,2,5,1,3,4,0,0,0,4,3,0,5,7,6,4,1,5,11,0,0,37,1,0,0,1,2,8,13,0,0,8,0,3,0,1,7,11,0,23,2,19
"BTNL8",3,14,8,11,9,0,3,13,0,0,4,0,0,5,14,8,14,1,7,0,0,0,10,0,1,1,2,27,12,3,42,0,2,0,5,8,1,0,1,0,1,0,4,7,9,1,0,3,0,5,0,1,2,15,13,63,44,0,43,119,75,25,22,6,1,0,17,2,6,4,3,0,9,0,0,0,4,0,0,1,20,28,50,8,1,6,10,76,5,4,0,161,8,1,11,40,16,0,0,0,0,0,1,0,13,4,7,8,2
"CA4",1,0,0,30,0,0,0,9,12,6,0,0,0,2,11,0,15,1,0,0,2,0,0,0,0,0,0,77,13,13,250,1,0,0,4,0,6,6,0,0,0,0,0,1,2,0,0,3,5,2,0,3,0,63,31,73,7,5,21,105,581,17,53,0,1,0,5,3,1,9,4,8,1,0,30,0,3,24,29,0,61,91,49,13,1,11,2,378,0,4,0,385,18,2,1,48,59,0,0,0,5,0,0,0,1,0,2,7,0
"CAMP",7,11,68,21,14,3,0,14,20,17,0,0,9,37,6,20,19,0,3,4,3,8,10,0,4,5,5,31,20,10,113,4,13,27,8,29,27,10,1,15,4,14,7,17,5,9,6,23,4,9,0,1,0,38,49,55,39,5,22,113,264,96,62,16,5,12,32,3,6,36,11,19,45,9,224,0,22,14,0,14,43,44,124,37,5,24,42,94,363,59,0,151,3,75,3,25,40,0,0,12,3,0,15,8,21,5,17,16,21
"CEACAM1",7,0,0,11,8,0,29,23,8,15,0,17,16,6,51,8,17,10,9,0,7,8,10,2,4,0,4,48,19,6,79,6,11,23,4,7,25,3,1,5,3,11,17,6,2,14,12,27,11,2,42,6,3,6,24,202,23,0,12,62,139,73,12,6,1,8,0,1,8,5,12,0,11,339,90,0,22,5,0,10,7,6,177,0,27,25,24,97,8,6,0,112,12,3,4,44,5,24,0,0,2,0,22,6,36,3,20,5,8
"CEACAM8",0,0,12,3,21,0,0,10,11,0,4,0,0,11,4,0,0,0,0,0,0,1,0,0,4,1,0,7,11,0,50,1,5,0,3,1,24,2,4,0,1,1,1,0,2,1,4,19,0,0,0,0,0,12,32,80,12,16,12,31,193,11,13,0,4,0,10,3,3,26,5,8,9,156,489,23,9,0,0,0,7,6,34,13,4,0,26,34,28,15,0,44,2,10,0,12,3,0,0,0,0,0,1,8,12,0,4,2,2
"CFAP58-DT",2,8,36,14,2,2,22,4,18,2,0,7,15,0,6,10,21,5,5,0,4,15,0,1,2,8,4,36,9,2,54,3,2,8,18,15,10,0,1,1,4,7,2,7,4,1,2,11,1,4,9,5,0,9,10,26,31,12,31,74,102,33,17,3,1,1,4,12,2,7,6,5,17,0,45,0,6,3,0,1,6,11,15,8,11,2,23,197,7,11,0,42,7,12,7,31,16,0,0,0,5,0,32,14,10,8,7,3,6
"CFAP99",11,0,0,0,16,15,3,5,0,0,0,1,0,11,2,0,3,3,4,7,8,11,16,8,6,7,1,5,1,1,89,8,5,2,0,4,6,19,5,10,4,5,8,5,6,4,1,10,12,3,5,6,0,0,13,0,0,6,0,0,0,0,0,4,9,0,0,5,3,0,5,0,3,0,0,0,1,15,0,7,3,1,1,14,1,0,1,0,7,5,0,0,0,4,1,1,7,0,2,0,0,0,5,3,0,0,0,15,3
"CHI3L1",5,36,38,9,0,0,4,19,29,0,14,9,1,6,2,0,18,0,0,0,5,0,5,4,6,1,1,19,29,0,10,0,3,0,39,2,29,3,1,4,2,1,14,16,2,0,0,9,0,0,1,0,1,79,39,97,13,3,79,30,174,83,82,3,2,4,64,4,0,18,4,2,51,234,299,0,10,0,10,11,14,4,38,1,15,0,24,182,33,20,0,41,14,12,3,34,86,0,23,0,6,7,6,3,7,0,11,13,0
"CHIT1",3,4,0,1,0,0,21,34,0,24,8,9,5,0,0,2,10,4,0,0,0,0,4,0,3,2,2,5,2,0,14,0,0,0,6,4,3,5,3,13,0,1,12,2,6,1,8,4,9,2,2,4,4,1,0,10,4,10,0,1,38,8,3,9,1,5,0,3,0,15,2,1,6,235,206,0,1,1,0,0,4,6,22,0,10,0,2,28,19,6,0,61,6,9,1,9,2,0,0,8,2,0,2,3,0,0,10,3,1
"CMTM2",11,31,72,50,20,69,38,17,34,37,13,9,24,23,34,20,42,2,10,3,16,5,21,8,10,10,9,131,24,65,424,23,22,2,40,9,44,16,6,24,5,20,14,36,10,7,10,33,15,38,5,8,11,95,148,195,173,29,183,283,236,171,103,9,10,11,131,26,21,64,15,21,73,45,32,0,35,124,64,16,56,52,57,26,32,36,50,463,49,49,0,392,49,11,20,180,145,72,0,24,33,0,16,32,29,70,65,32,17
"COL17A1",0,4,0,0,0,0,8,0,12,1,7,0,8,4,0,0,4,2,0,0,0,0,2,1,5,4,5,9,1,0,88,2,3,4,0,1,16,3,0,0,2,8,0,4,4,2,2,5,4,0,1,4,4,0,14,10,4,1,0,2,26,19,5,1,5,8,5,1,0,13,4,5,10,0,48,0,4,8,0,2,2,8,29,3,3,0,5,39,10,0,0,30,2,7,6,3,5,24,0,10,3,0,0,5,8,0,5,6,3
"COLEC12",0,2,0,11,0,6,0,0,0,2,24,0,28,2,0,8,0,0,0,0,0,0,0,0,0,3,2,6,4,9,13,5,3,1,1,3,4,2,3,0,7,4,1,2,2,3,2,20,3,1,0,5,5,7,0,0,0,86,2,7,0,0,4,11,122,0,25,107,26,2,2,8,2,0,0,42,9,9,0,0,6,7,0,18,3,0,0,0,0,0,0,0,43,0,0,14,8,0,9,0,4,0,0,17,1,0,14,2,0
"CPNE7",14,21,0,1,21,4,24,1,0,10,3,2,24,2,4,7,4,10,2,9,14,1,2,0,11,1,12,3,28,3,132,2,13,7,4,5,4,14,7,25,7,5,16,9,6,9,6,2,30,26,0,4,7,0,4,0,6,40,1,0,3,8,0,5,0,0,0,6,0,9,15,5,34,0,0,0,2,0,0,3,15,5,7,0,5,19,2,0,0,3,0,9,1,7,8,5,0,0,0,0,15,0,0,6,6,0,18,13,7
"CRISP3",2,7,59,8,28,0,0,6,6,0,6,0,0,2,13,2,10,0,0,0,5,4,2,0,0,1,1,6,4,3,40,0,2,0,0,1,3,0,1,0,0,0,2,0,0,0,1,8,0,0,0,0,0,3,0,8,0,6,6,23,107,6,16,0,2,0,0,1,0,15,3,2,5,175,1127,0,4,1,11,1,10,15,77,1,5,1,3,12,62,11,0,35,4,14,2,1,6,0,0,0,0,7,1,0,0,0,0,6,1
"CTSG",8,0,31,1,10,0,0,1,6,6,0,0,0,13,16,4,7,0,0,0,0,0,0,0,4,1,2,3,17,0,19,3,0,2,6,1,5,0,3,4,0,0,3,4,0,1,2,4,0,7,3,4,3,5,0,35,11,3,5,15,61,2,12,3,6,0,10,2,1,23,0,24,5,99,68,0,4,5,0,0,1,6,24,0,0,0,9,39,65,0,0,50,4,16,1,11,6,0,0,0,1,0,0,7,16,0,1,2,0
"CXCL1",4,23,0,32,17,28,7,7,83,67,10,0,33,24,18,8,8,2,3,1,1,20,3,2,15,67,4,93,29,1,159,23,26,8,3,8,17,0,1,8,104,6,1,7,25,18,5,8,56,19,31,0,10,69,44,177,18,31,43,274,620,154,44,2,11,2,18,37,13,24,1,16,18,118,103,157,47,3,0,8,17,18,54,240,40,4,1,288,76,85,44,505,36,32,0,34,147,17,22,16,4,0,8,45,4,19,2,1,7
"CXCL2",17,23,45,17,18,64,30,70,66,743,63,48,42,23,61,129,46,6,16,28,43,74,37,70,17,448,9,149,10,55,624,56,112,32,20,234,74,3,39,612,354,20,3,24,255,331,13,28,306,134,143,58,218,26,30,216,215,64,31,35,327,130,27,16,79,43,15,144,106,176,33,129,46,44,31,1334,355,48,171,92,55,31,23,1610,455,95,77,565,197,1830,0,635,642,135,29,65,374,31,39,0,8,0,95,155,171,26,21,7,51
"CXCL8",1194,771,3094,825,908,373,300,680,2068,9218,1273,870,1941,535,1755,2759,1819,95,452,414,993,668,264,542,433,5024,329,10309,1909,1077,31514,805,1025,264,2613,2032,1307,134,985,4238,4589,463,441,1251,4285,2536,128,388,6651,1599,661,683,4119,3668,2879,17497,7442,1421,6043,20974,43197,5305,4348,221,790,621,1409,4985,1165,2114,681,1366,2734,1525,14756,26686,1359,1951,4688,1143,1142,1847,817,20087,6004,1178,2872,21786,8000,18949,189,37587,3076,1392,448,2690,12618,938,1572,727,228,428,637,721,641,930,112,410,1024
"CXCR1",42,44,94,69,65,41,20,118,55,54,18,55,50,26,133,15,238,40,20,15,17,57,45,5,7,8,33,136,50,48,453,27,29,36,46,22,48,9,24,26,43,35,26,17,19,17,21,59,6,19,32,14,16,161,312,1097,478,51,375,941,1005,834,246,32,92,27,166,22,38,14,19,10,154,59,133,3,53,48,27,46,330,226,571,21,14,102,79,869,14,27,91,713,276,45,31,350,144,0,63,12,26,25,28,26,47,42,27,16,30
"CXCR2",83,50,136,109,52,13,23,174,139,150,19,62,136,14,147,41,195,91,24,23,18,103,106,39,19,32,96,248,67,81,621,66,56,69,106,75,77,18,25,41,56,80,62,49,70,48,85,53,40,26,61,65,28,275,436,2192,560,72,520,1596,2307,1763,430,49,177,136,186,36,61,16,85,13,412,0,269,67,123,61,25,68,221,108,534,49,19,94,115,722,22,56,92,1059,150,66,61,878,224,65,29,14,54,25,69,40,98,25,47,75,59
"CYP4F3",0,0,36,24,15,2,0,37,32,1,20,5,12,11,9,1,26,0,1,0,2,3,15,6,5,0,2,17,56,17,46,4,6,4,31,7,9,1,10,0,2,6,14,19,6,0,2,37,4,2,1,5,8,21,32,94,94,31,86,144,373,111,59,10,0,1,10,3,0,1,1,6,48,1349,234,34,24,32,0,7,44,51,36,16,54,3,4,94,27,1,0,120,25,13,1,72,199,55,22,0,2,0,2,20,6,0,35,17,4
"DAAM2",0,0,27,5,0,2,0,3,0,4,0,0,0,6,2,0,0,4,0,0,0,1,0,1,0,0,0,0,0,0,54,1,0,5,0,0,1,3,2,0,1,2,0,0,1,0,1,3,0,0,1,1,0,0,0,7,0,1593,0,0,342,3,0,5,3,0,0,0,1,0,3,0,0,0,0,0,0,0,30,12,1,6,180,0,1,0,2,108,2,0,0,1203,1,0,1,1,0,0,0,0,2,0,0,5,1,0,2,1,1
"DEFA3",93,71,992,0,45,7,6,5,194,19,9,0,33,91,65,109,46,4,0,3,15,7,1,19,55,88,42,125,423,9,130,6,0,7,60,44,1127,1,4,4,32,4,28,39,34,25,17,126,0,52,32,6,8,107,6,870,65,70,349,485,1146,4,1,3,44,16,195,34,18,782,3,412,157,2863,1724,34,75,180,0,50,335,177,648,310,52,66,717,18,3207,162,87,1152,73,60,41,95,0,0,0,42,50,38,25,30,229,34,32,96,32
"DEFA4",1,20,42,1,19,0,1,5,11,0,0,0,1,18,7,19,0,0,0,0,2,0,0,2,5,3,9,32,24,4,60,0,4,0,0,0,65,0,4,5,2,0,2,2,0,0,0,14,0,0,4,1,0,14,10,49,0,12,8,70,206,10,38,1,1,1,4,0,7,39,6,21,22,263,92,0,3,11,0,5,30,12,63,48,3,5,20,70,138,3,0,109,4,27,0,37,14,0,0,17,2,0,1,0,11,0,0,9,2
"EDN1",17,0,12,7,0,1,14,11,0,35,3,2,18,14,11,12,7,13,22,2,24,7,9,28,15,4,29,34,5,13,250,4,13,12,3,4,2,38,12,14,14,15,20,9,9,9,20,14,13,18,3,23,3,10,0,39,14,41,9,26,255,22,22,47,15,20,11,21,12,15,6,11,10,0,59,8,19,6,56,29,20,21,4,11,7,6,23,178,16,33,0,285,39,10,17,13,34,13,0,20,11,12,19,11,22,6,5,11,22
"EFCC1",9,44,7,8,0,3,0,22,3,0,6,0,0,0,3,1,3,3,13,1,0,7,2,2,3,0,0,5,2,5,71,0,1,6,5,3,9,4,1,7,0,38,9,3,9,0,0,12,2,7,1,1,2,13,12,0,14,3,9,0,0,5,3,0,3,2,5,0,0,12,8,2,2,0,0,0,11,2,0,0,0,4,2,2,0,0,0,0,3,3,0,10,0,1,8,10,2,0,0,0,3,0,0,2,7,0,7,12,3
"EREG",117,40,1173,107,2124,204,35,246,511,834,339,412,208,299,753,335,792,191,154,76,336,529,679,321,75,779,99,1282,98,244,810,637,547,110,138,282,765,101,208,451,1185,886,194,1309,304,212,366,102,49,38,242,152,97,279,282,723,1016,2201,147,184,1894,821,215,491,904,83,499,519,255,253,742,1685,17,253,36,3765,255,228,423,471,482,55,1780,2779,586,134,690,1664,373,575,0,8658,1430,635,55,293,1912,415,134,316,90,25,163,150,77,507,114,127,165
"F3",8,8,0,18,7,1,2,25,0,10,1,13,32,3,3,6,10,4,0,5,1,9,6,4,6,4,0,17,1,6,72,4,2,8,8,4,13,3,1,15,3,13,4,12,0,2,11,6,1,1,0,2,11,19,11,14,38,3,37,22,94,24,16,2,9,1,0,7,6,6,1,4,10,0,0,38,13,5,0,6,2,2,8,108,27,4,12,24,4,21,0,50,10,2,6,23,58,0,0,0,0,0,39,32,4,34,0,4,5
"FCGR3B",171,51,297,335,452,28,9,288,1085,142,3,94,192,24,513,281,1055,14,225,9,43,537,47,328,5,18,7,4441,215,137,0,5,34,1222,164,135,283,10,6,44,13,47,90,77,12,15,58,51,6,27,242,35,1,1461,1373,6902,1880,123,1039,8186,9520,3303,537,51,70,58,791,38,110,81,96,11,858,89,853,0,181,25,111,92,461,235,696,64,98,220,289,7220,43,141,27,3030,376,45,41,1991,737,166,0,0,25,35,98,24,299,188,28,71,340
"FLT1",11,13,20,24,7,0,36,14,17,27,0,2,15,10,5,11,22,3,15,56,18,1,5,21,22,10,7,9,2,8,25,7,8,23,8,27,18,11,0,6,15,12,6,19,9,1,25,8,29,8,47,9,5,6,16,55,43,74,0,14,53,18,3,20,36,19,9,89,26,10,3,3,10,15,29,15,9,0,33,6,11,40,29,24,5,18,6,75,15,17,0,93,140,7,33,8,87,0,27,0,16,0,44,17,9,21,16,6,12
"FLT3",74,100,276,112,215,516,28,145,139,183,223,75,269,486,184,449,267,144,139,42,75,178,269,121,61,82,59,22,222,105,301,120,37,54,247,197,236,103,94,92,53,173,152,46,232,120,142,300,51,46,557,335,146,192,284,292,393,1855,199,101,591,1471,597,365,1529,158,223,281,668,35,351,310,171,255,0,805,275,133,104,233,246,126,549,701,181,96,42,224,65,157,230,1226,782,104,10,203,421,128,151,44,92,99,404,230,163,255,248,121,124
"FN1",20,3,69,63,25,157,59,36,6,31,77,25,340,553,84,274,35,73,29,276,147,27,140,72,177,261,14,0,60,10,33,17,30,14,149,143,49,39,41,168,459,808,27,17,22,28,40,73,132,20,138,19,158,20,40,19,0,841,11,0,1222,1211,148,138,185,17,646,18,33,97,41,639,42,15,0,62,16,56,109,1477,95,16,348,44,65,63,40,34,142,58,19,2221,44,103,98,34,97,38,227,18,12,0,26,62,24,19,25,15,183
"FNDC10",66,209,51,89,107,163,84,125,120,41,90,65,75,300,333,232,196,130,221,117,79,108,169,88,34,65,59,71,94,196,60,109,102,151,116,180,120,62,24,154,18,158,108,95,64,68,143,160,34,103,134,68,58,101,176,91,151,48,94,12,27,65,95,24,45,62,77,42,85,97,111,48,125,0,0,22,67,76,0,43,37,28,26,59,36,34,65,2,14,55,0,77,10,42,28,55,110,28,91,0,23,11,66,73,52,64,70,17,35
"G0S2",157,1055,2395,1832,2451,836,481,911,2079,3630,610,554,1214,1560,1539,2870,1744,36,281,1323,2240,608,636,416,1515,1622,328,18535,1168,3742,7837,3917,1431,378,1217,4780,1649,597,3603,7496,2582,3653,624,4141,5557,3505,893,755,6004,3428,1093,1869,6663,4746,8049,10391,10292,267,3411,12904,41866,5838,8089,1113,545,2266,3344,5970,2232,4053,1188,3714,3826,133,424,427,858,1644,1076,1137,1669,1717,905,5086,4439,2021,2392,7442,3751,7173,137,17708,1427,3437,2252,4368,11188,1077,476,197,785,117,415,585,336,324,290,857,2348
"GCM1",18,7,0,7,0,2,26,0,0,13,1,7,12,0,1,0,6,1,4,8,4,1,5,1,4,3,4,5,1,5,0,2,10,4,8,1,1,21,5,27,4,6,10,3,8,15,4,5,0,5,2,12,1,5,0,1,2,30,1,9,3,4,2,37,37,36,0,64,13,0,1,3,4,0,0,27,0,7,131,12,11,14,3,3,2,14,4,24,12,12,0,25,52,9,6,5,1,0,9,17,10,20,1,1,2,13,1,9,13
"GPR34",17,0,10,10,9,75,23,9,6,25,163,9,72,13,50,28,12,32,31,2,26,46,27,7,23,35,15,35,7,1,23,77,58,38,11,21,36,23,22,23,12,46,14,27,41,12,9,12,48,11,30,13,29,9,0,13,6,146,55,15,12,62,25,31,63,6,38,50,166,6,15,38,28,57,23,719,34,78,152,19,27,13,0,36,30,12,16,13,23,65,0,184,21,34,11,50,132,3,42,20,16,83,5,23,15,0,77,12,10
"GPX1P1",32,317,102,26,69,129,44,105,130,40,32,51,56,44,80,122,20,3,36,53,34,33,50,24,75,142,66,546,162,393,994,209,95,202,165,148,333,76,77,209,100,124,178,176,174,208,147,210,77,133,221,47,75,283,171,106,199,200,79,44,334,320,107,246,91,243,565,130,173,596,204,318,396,11,87,27,489,603,2,381,275,246,445,860,712,324,965,110,293,946,16,1348,558,365,217,323,1086,15,4,8,220,4,915,472,439,28,567,992,366
"GRIK5",7,74,44,5,25,47,15,14,7,2,0,7,19,11,12,10,20,1,21,13,29,26,11,8,9,9,5,23,2,8,110,6,11,23,164,9,10,19,11,2,1,9,10,13,12,2,14,14,4,15,4,5,6,0,6,6,10,10,4,4,35,19,2,10,3,28,6,1,3,28,12,5,3,0,0,0,15,4,0,4,4,10,2,8,8,3,7,9,2,15,0,16,13,0,6,10,5,10,0,0,3,1,12,10,4,0,11,6,4
"H2BC17",41,61,1116,132,13,163,624,127,18,94,54,75,0,61,377,341,327,124,16,476,275,88,95,20,31,118,19,196,190,135,346,61,184,32,260,393,285,44,123,378,81,545,21,208,69,104,26,88,15,43,26,268,15,25,31,755,152,352,440,466,737,61,24,135,146,62,35,1122,51,2502,66,8,274,1,77,98,50,8,76,326,235,92,1787,128,44,49,118,6,21,757,0,1831,45,53,411,43,21,560,76,90,572,0,76,39,29,66,49,247,188
"HEMGN",125,63,463,336,95,58,698,120,253,152,177,55,76,59,128,435,262,258,31,347,174,34,124,37,57,214,55,48,122,308,208,119,226,18,348,352,78,59,234,75,113,45,68,350,79,228,20,81,31,70,111,191,88,116,65,305,66,218,566,242,491,61,173,69,147,41,157,1196,32,1590,110,52,416,388,400,104,156,4,201,467,238,303,1195,94,33,52,159,26,39,203,17,930,37,260,953,60,20,1465,179,339,826,267,73,185,23,413,175,260,355
"HES4",150,685,302,233,7899,221,61,706,522,247,53,618,100,306,1869,999,669,86,268,775,689,492,494,302,182,48,72,978,110,591,434,92,615,2938,275,445,165,72,53,1739,117,660,143,241,69,160,752,364,72,110,958,47,96,406,1468,868,4828,15,158,377,36,702,252,40,17,327,170,86,186,526,204,225,444,83,28,0,183,63,60,104,40,46,45,28,113,447,885,161,24,421,77,670,145,247,202,161,534,61,103,16,73,32,473,75,211,82,81,50,234
"HILPDA",18,0,46,26,27,7,16,15,18,31,13,13,23,12,16,8,16,11,10,10,64,227,13,14,82,10,29,35,8,23,31,409,23,10,4,31,7,36,180,15,42,10,15,19,37,47,38,7,53,8,7,24,19,13,0,8,16,213,10,4,67,15,16,291,300,290,12,4326,745,234,12,17,34,66,25,31,27,30,902,24,282,461,17,12,44,18,7,17,12,22,0,65,321,193,23,23,9,0,3,11,15,0,17,7,23,0,33,17,62
"HK2",295,671,262,536,760,761,215,717,682,1508,575,604,945,646,1254,1057,839,540,783,636,2201,4723,995,4573,2260,1396,290,536,231,445,269,9035,1597,1575,667,1566,631,461,3766,644,1730,1019,525,1083,819,950,1775,807,1308,299,1313,495,830,422,655,743,929,8738,405,331,467,495,598,6902,11546,3278,682,27610,12835,1450,794,951,590,413,1080,3740,822,2255,9530,1755,3562,2242,534,1089,657,500,704,225,523,500,139,1125,9543,2810,329,747,1164,909,501,174,312,128,1181,1215,648,803,1198,438,1712
"HRK",71,2,13,37,0,0,326,12,4,37,72,12,36,0,0,6,38,15,52,368,80,1,29,7,18,30,25,0,0,12,13,26,7,58,5,5,1,108,41,45,15,6,25,15,3,8,16,0,44,42,5,12,23,7,12,2,0,9,5,0,8,1,5,23,3,0,10,15,3,2,0,6,27,0,90,21,2,0,7,5,0,17,2,0,8,20,17,37,74,12,0,4,13,39,50,42,0,0,5,0,11,1,1,65,4,0,32,15,21
"HTRA1",0,0,38,26,0,186,14,16,47,65,60,20,13,149,25,74,23,7,12,18,8,6,53,28,60,41,55,29,18,27,57,79,104,2,66,71,97,22,34,23,77,16,13,24,64,15,52,119,27,29,4,53,74,33,49,45,5,557,29,2,139,65,36,83,59,2,60,142,26,8,9,123,17,40,74,1088,25,156,71,170,76,98,104,368,30,6,0,25,9,0,0,188,14,59,13,28,290,50,14,20,13,0,75,30,31,30,39,9,7
"IER5L",194,469,608,123,1313,840,96,174,98,115,353,400,82,742,710,1860,573,468,611,580,903,625,465,310,337,227,267,522,215,394,338,486,570,497,477,595,425,134,243,497,96,323,186,595,241,253,399,900,211,232,329,280,601,182,510,240,174,76,237,78,171,287,168,37,103,118,301,254,164,272,395,266,70,78,90,119,68,259,0,322,59,22,239,412,195,195,270,39,101,190,10,644,45,406,153,75,1224,99,518,165,213,37,369,214,136,54,182,106,265
"IGHD",545,259,131,5268,48,228,6083,503,698,1552,1097,285,1623,275,56,535,735,429,1439,2489,1213,214,562,327,323,442,440,205,69,555,7815,210,348,876,140,152,391,1895,706,505,269,389,1464,337,124,578,1081,384,666,1657,257,693,770,201,127,20,194,7327,616,15,30,180,140,953,279,350,524,1218,50,155,62,37,1197,49,492,161,278,13,937,210,35,616,157,132,1151,298,272,118,1091,340,0,112,329,331,406,649,4,304,561,618,68,213,155,1193,366,331,1390,277,298
"IGKV1-16",3,0,0,0,0,1,21,33,0,10,137,5,5,22,1,0,9,32,21,265,26,0,7,0,0,0,3,6,8,6,8,4,55,15,8,22,20,6,9,22,2,16,11,6,0,5,13,62,3,15,4,16,8,0,0,0,13,23,286,1,7,0,6,7,5,4,0,21,6,2,44,2,17,5,0,0,9,6,40,6,0,24,20,22,431,2,2,0,17,58,0,6,28,70,20,21,0,75,0,24,3,0,10,99,22,1,40,748,26
"IGSF3",0,10,34,0,0,5,5,0,0,0,0,18,13,9,6,21,0,4,3,23,4,13,16,9,20,13,3,0,0,9,9,8,2,9,16,10,0,4,22,15,7,2,1,9,7,10,10,6,12,3,6,3,9,0,13,0,10,2,2,0,0,0,2,0,4,7,0,2,7,5,3,22,3,0,0,0,0,2,0,16,11,0,4,1,6,5,23,0,2,5,0,0,1,0,18,2,6,0,20,0,7,0,0,1,0,0,14,3,3
"IL10",1,5,285,37,108,134,6,36,38,100,23,281,15,6,48,121,170,10,8,95,199,187,55,213,16,59,21,271,6,57,37,59,49,47,14,80,195,2,19,90,104,56,15,66,48,27,40,44,18,7,196,6,73,15,33,192,53,268,0,12,480,477,51,22,44,24,21,8,142,48,27,49,32,51,14,334,30,8,0,142,8,11,296,678,29,74,72,366,114,636,0,780,95,180,43,19,1250,27,8,28,29,0,87,40,19,58,16,11,115
"IL1R1",7,30,131,55,13,167,28,29,93,163,60,268,57,44,27,38,49,62,45,196,121,59,86,102,113,120,46,176,83,95,325,176,558,11,86,77,49,18,131,177,200,32,31,87,80,191,42,79,118,37,68,46,86,64,30,92,31,125,38,33,878,116,66,38,109,17,34,143,14,90,72,366,67,201,277,2305,70,174,61,682,85,68,261,526,231,94,52,572,80,293,0,623,71,441,75,109,1014,17,32,144,44,53,105,115,55,23,85,18,54
"IL1R2",11,1,529,122,57,796,19,14,91,145,10,2,36,34,35,22,67,11,11,2,10,33,52,7,4,22,23,94,110,41,3252,175,32,9,41,28,106,4,11,13,31,8,28,14,43,25,5,18,11,10,637,32,21,129,113,330,43,5723,35,323,10069,2470,221,74,1791,12,91,32,168,9,36,63,22,40,87,1477,115,8,0,265,140,39,17644,2711,77,19,14,2697,54,191,0,12316,1057,211,0,116,686,20,17,37,7,28,48,51,37,11,35,37,18
"ITIH1",0,20,0,0,8,6,13,13,0,1,7,6,0,13,9,13,5,8,1,7,3,6,19,0,3,1,7,1,5,15,48,4,6,16,8,14,2,7,0,16,0,12,7,8,0,8,14,6,3,2,1,3,2,9,31,11,21,2,7,0,0,0,9,4,10,7,8,1,3,4,7,0,16,0,0,0,5,5,0,11,2,1,6,0,2,2,5,5,0,0,0,0,5,3,4,8,0,0,0,0,6,0,4,2,11,7,7,0,4
"JUND",31932,14823,20313,31672,34510,18820,22358,16028,17219,31223,14101,10737,9026,36363,30096,39107,36029,14020,20977,23120,38892,21911,23124,10791,9144,15784,10413,13805,25347,26234,30079,12016,12414,25183,24198,18327,8769,22769,8434,22337,15601,21925,28847,33794,11141,10474,18234,11836,14163,15366,10586,17256,12221,11493,18987,8965,21800,8399,8748,7402,15689,7543,8874,7470,6913,10035,20881,15314,9048,8763,20962,7468,7250,4980,5833,4364,5337,4446,6332,5685,6583,5029,3186,7823,9619,12547,14256,5375,7499,7174,3789,11709,6434,11324,9594,10301,11886,12765,13525,8474,13142,9575,6764,8365,8013,8226,5570,16130,14945
"KCNE1",9,0,16,4,16,41,0,22,29,15,2,15,0,28,26,29,29,6,14,7,0,23,52,11,5,9,6,14,8,9,52,54,4,26,11,21,34,6,11,7,18,18,28,15,40,20,28,27,13,11,83,17,11,27,31,67,21,47,10,55,194,116,31,25,92,35,21,16,48,15,45,20,34,0,0,0,52,23,0,56,30,2,110,143,15,28,9,73,7,55,0,233,41,17,9,57,85,0,0,0,31,0,29,19,22,29,51,10,13
"KCNJ15",16,0,48,21,12,17,4,63,51,32,8,11,59,15,34,18,68,21,13,8,5,19,25,10,2,9,1,173,11,19,180,16,30,9,34,12,48,6,6,5,18,17,15,2,2,7,18,23,0,13,39,9,4,77,106,571,95,7,126,474,785,440,145,2,31,9,59,2,9,12,5,9,31,68,100,52,32,19,38,17,54,24,131,46,20,2,45,340,26,15,0,263,52,12,4,140,162,0,0,10,0,8,70,83,24,9,24,3,6
"KREMEN2",13,0,0,2,15,13,0,11,9,8,2,0,0,0,7,10,3,2,1,16,10,6,1,8,7,9,1,18,7,21,94,4,3,26,7,4,5,7,3,7,5,7,0,13,5,4,4,7,5,6,11,3,1,1,11,9,14,0,6,0,4,2,5,5,6,9,17,2,23,1,6,2,3,0,0,0,5,0,0,16,6,7,2,0,1,1,12,0,0,7,0,0,8,11,0,6,1,0,0,0,5,0,17,6,3,0,2,0,4
"KRT23",0,3,0,3,0,0,0,9,41,24,21,3,9,2,36,6,4,3,2,0,6,0,0,0,0,2,0,85,3,11,138,3,0,4,26,10,10,5,3,8,0,0,8,1,5,1,0,2,0,0,3,4,2,51,10,161,6,1,80,324,262,98,49,1,1,0,10,2,3,0,9,1,20,0,7,0,18,4,0,4,13,2,8,22,3,7,7,60,1,3,0,215,15,3,0,79,23,29,0,0,0,0,5,15,4,0,10,10,2
"L1CAM",7,0,9,22,20,4,13,21,0,11,28,6,34,12,7,17,23,4,27,2,24,10,10,1,8,4,1,6,6,0,145,3,10,15,8,10,10,37,19,6,4,13,17,19,19,3,4,4,9,15,4,14,6,4,3,0,0,1,6,0,0,1,0,18,0,12,2,3,5,7,21,1,24,0,0,0,7,5,0,8,2,12,2,5,12,19,3,0,23,6,0,10,0,1,8,17,0,0,0,0,2,10,1,37,6,12,29,10,8
"LINC00484",0,0,0,4,0,0,0,9,0,2,12,5,7,7,3,13,5,4,1,0,0,9,1,1,0,5,2,1,0,2,5,8,0,4,4,2,1,13,0,2,4,6,17,7,5,1,3,2,0,0,7,1,2,3,0,9,0,3,0,0,0,12,2,6,11,3,0,1,0,3,9,2,25,0,0,0,8,0,0,1,18,5,9,0,5,16,4,0,0,11,118,8,3,1,11,29,3,0,0,16,23,0,4,13,1,0,3,1,24
"LINC01127",0,25,9,12,32,11,1,23,9,18,13,1,29,13,0,13,8,3,14,0,0,4,15,0,0,0,3,6,9,14,44,11,8,9,20,2,14,2,0,8,0,24,17,6,1,2,4,10,1,16,18,7,2,12,33,43,26,39,24,48,276,46,20,3,22,4,21,0,1,3,36,1,25,0,0,0,25,3,0,4,3,1,50,21,11,0,4,44,22,7,0,249,13,6,5,89,22,45,0,22,6,0,15,29,18,2,38,4,1
"LINC01270",0,0,0,5,0,21,0,5,0,8,12,2,3,3,0,0,2,2,0,1,10,15,7,10,5,3,3,26,2,0,18,1,2,10,0,4,3,0,3,7,6,1,4,0,6,15,11,8,5,4,13,8,0,0,0,6,6,46,15,10,22,1,13,26,99,23,1,12,64,2,4,7,6,0,0,67,3,1,63,14,7,15,14,8,2,0,8,40,0,5,0,31,63,5,5,12,4,0,11,0,1,0,19,1,2,0,6,0,1
"LINC01506",10,12,0,10,58,12,0,15,19,8,1,13,31,11,26,37,9,4,15,28,6,11,23,5,3,3,0,34,8,36,21,5,12,52,16,14,6,4,5,31,0,9,14,14,3,10,26,15,0,12,50,6,4,20,75,121,79,3,22,50,114,65,54,1,4,19,40,2,18,7,29,11,19,0,0,0,19,8,0,8,6,4,40,30,17,45,40,152,5,34,0,53,42,9,17,57,48,0,0,0,5,0,41,15,32,0,32,10,29
"LINC02207",3,9,0,0,9,11,5,4,7,12,7,5,1,1,7,2,9,3,4,2,0,13,8,10,3,0,2,28,6,6,172,5,1,8,8,5,6,1,2,5,2,15,3,0,19,5,14,20,3,4,27,0,6,15,12,8,9,13,7,15,179,28,4,15,26,5,33,0,5,1,14,7,21,0,0,29,14,1,0,15,10,7,19,26,1,10,6,74,13,5,0,262,40,7,4,20,32,0,3,0,3,0,0,11,9,0,16,14,5
"LINC02289",0,0,0,0,0,0,15,1,0,3,0,1,10,7,0,0,0,6,0,0,3,2,0,1,12,2,15,6,3,0,21,3,2,1,2,1,1,8,6,1,1,0,5,1,4,9,0,2,4,8,4,4,2,0,4,0,2,27,8,2,57,20,21,10,17,8,3,0,7,5,1,6,7,0,0,22,1,2,0,4,9,5,13,7,5,10,8,12,0,1,0,34,18,4,8,4,23,0,0,0,4,0,5,3,0,0,3,2,1
"LKAAEAR1",2,0,0,3,66,12,7,3,48,12,0,3,3,12,9,2,4,4,8,2,11,4,2,7,3,5,5,2,3,11,11,10,15,18,14,3,13,12,3,16,7,6,2,8,6,3,22,8,9,3,1,4,2,15,35,3,0,2,11,0,0,0,3,2,3,1,6,0,7,6,5,13,9,0,0,0,3,3,0,5,0,1,0,7,6,7,7,0,5,0,0,0,1,9,1,5,18,0,7,0,7,0,14,1,9,0,9,2,0
"LTF",16,7,176,44,15,12,4,201,161,5,0,2,4,220,28,39,35,0,3,0,21,0,6,7,18,13,7,61,81,0,259,2,40,7,18,12,501,1,21,4,19,2,20,11,19,6,7,189,3,18,7,4,14,43,34,129,15,60,41,50,670,84,220,10,9,3,88,10,6,237,21,112,56,1103,7803,80,30,23,18,39,110,39,265,65,62,10,119,340,617,99,0,351,4,286,14,74,28,0,9,15,9,36,24,38,27,0,8,27,16
"LUCAT1",22,48,0,101,21,40,17,203,107,93,38,228,103,47,71,105,125,55,39,294,148,85,142,149,52,90,16,92,40,79,199,58,213,90,54,91,47,10,46,262,192,110,36,86,76,82,34,68,71,20,101,22,87,71,201,457,279,145,109,296,391,380,144,54,196,72,77,186,78,128,53,192,113,50,61,199,135,59,43,179,114,125,84,479,188,150,263,406,65,445,32,240,300,87,55,230,875,51,35,29,22,11,383,166,40,48,81,13,158
"MANSC1",12,6,28,2,20,15,12,8,6,5,4,2,9,17,28,3,6,13,9,5,9,4,4,4,2,4,9,20,14,11,154,11,4,9,16,9,32,10,1,14,1,10,8,4,3,3,7,28,14,5,15,0,8,24,14,121,100,7,61,169,719,173,23,3,2,1,13,1,11,12,10,4,17,14,9,38,5,5,0,2,11,3,41,13,3,0,8,203,1,4,0,250,10,8,5,55,20,0,7,0,2,0,7,13,15,13,21,0,3
"MAOA",0,8,6,0,0,0,4,10,0,6,0,5,0,0,0,11,0,0,0,1,4,6,6,0,0,0,3,0,0,0,24,4,1,0,0,2,18,0,0,4,0,2,0,2,0,0,2,4,0,0,0,1,1,0,10,0,4,1247,0,11,568,23,11,3,3,3,13,0,0,0,5,2,3,0,0,25,0,0,0,3,3,0,20,3,1,0,0,134,0,0,0,365,39,4,0,0,0,0,0,0,0,0,0,0,3,8,1,0,0
"MIR210HG",0,0,21,17,4,5,19,6,3,24,0,0,1,6,0,1,2,4,1,9,52,120,0,28,126,8,17,18,2,0,6,252,73,10,3,27,0,15,174,37,90,4,7,0,35,25,52,1,53,6,15,17,20,0,10,0,4,893,0,0,0,0,3,520,846,233,4,1294,779,97,2,7,5,0,32,34,8,10,331,61,457,178,20,7,9,10,1,0,12,5,0,0,1409,188,0,9,1,0,0,26,1,0,7,8,7,2,4,1,33
"MIR3648-1",0,24,23,10,25,39,11,2,13,17,0,9,0,32,13,6,53,2,14,12,28,26,2,0,6,1,6,4,5,9,35,3,5,4,5,4,5,5,1,4,9,4,2,5,0,2,5,2,15,1,0,2,3,4,15,8,6,11,26,15,0,13,3,0,2,7,1,6,2,29,5,0,0,0,6,0,2,0,0,0,2,6,0,0,0,5,5,7,0,1,0,0,4,4,2,1,0,0,1,0,1,0,0,2,0,0,2,3,0
"MIR3945HG",0,0,6,7,0,0,2,3,4,6,0,2,0,0,14,2,14,3,0,1,0,3,0,1,4,9,1,46,0,0,18,1,3,2,0,19,10,5,4,10,6,5,3,3,9,12,2,3,4,9,8,1,8,0,15,28,34,15,0,9,13,58,4,0,9,2,0,0,8,6,2,3,4,0,0,0,13,12,0,2,11,11,45,5,8,4,11,83,6,45,0,31,28,0,7,5,12,0,0,0,2,0,11,3,4,0,9,3,2
"MME",36,16,166,42,29,8,82,37,73,29,14,14,44,6,25,11,97,15,11,50,19,1,15,34,14,13,21,105,73,22,657,1,13,18,34,8,26,44,15,15,35,16,13,7,19,22,21,8,15,40,5,26,0,109,99,364,86,43,332,377,1054,421,198,52,11,5,72,18,3,8,8,4,107,23,237,0,17,24,34,9,101,78,35,29,22,11,32,610,27,19,38,231,22,12,27,211,161,33,22,37,9,73,0,38,29,0,36,25,5
"MMP8",0,22,184,11,9,15,13,37,27,5,0,13,5,14,5,3,6,0,4,0,1,8,3,0,5,1,0,30,12,0,447,3,6,4,6,1,192,0,5,1,8,0,6,3,2,0,0,70,0,0,1,0,2,10,16,30,0,22,20,17,131,89,66,0,7,0,0,4,5,36,4,2,17,818,1076,28,11,6,34,2,11,10,288,62,13,4,5,738,152,21,0,481,5,32,1,28,5,0,0,0,0,39,7,3,0,0,0,5,0
"MMP9",7,38,152,57,9,41,37,40,26,6,0,0,4,11,27,27,67,31,11,7,48,11,12,6,2,17,23,253,49,27,1123,10,17,8,27,10,103,8,16,20,38,8,16,25,19,22,11,56,19,14,3,5,24,40,37,57,63,23,43,102,2884,102,75,6,17,96,41,16,5,23,10,33,41,86,172,0,35,36,36,14,107,26,1167,73,27,49,25,714,70,1,0,2850,19,26,14,29,192,16,0,52,13,0,18,35,25,0,13,9,19
"MS4A3",3,3,12,22,4,4,0,6,27,1,0,2,6,0,5,5,2,4,3,1,2,0,0,2,6,4,7,30,13,2,43,0,5,3,0,1,31,0,0,0,3,1,4,3,4,0,1,51,0,0,2,0,1,14,6,10,1,7,16,15,59,36,13,0,0,1,0,3,1,17,2,10,18,129,712,0,12,8,22,4,9,16,23,48,5,3,10,67,115,7,39,119,4,19,2,10,4,0,0,0,3,60,4,4,16,0,9,2,1
"MT-ATP8",6237,9107,3957,3602,1175,4279,2725,3836,9980,1864,5520,6883,2193,3121,1779,3830,1082,1081,1770,2573,935,1600,1659,1882,3188,9172,5641,2875,11466,1650,8210,2790,1170,1021,6541,3918,18534,1470,3165,1760,3274,2573,2930,2313,5942,850,899,3848,3656,2431,6980,1685,2054,18285,1435,8662,2437,14235,14291,12328,10739,5173,12308,8938,1595,1757,7564,7075,6410,12847,8940,4562,8466,6173,4506,5803,8594,3873,11253,6364,7744,14827,14962,4801,6498,6922,8048,10483,9438,14960,7780,14407,13271,6325,3423,4383,6756,8549,2152,1173,14314,6333,4707,6763,7133,9155,5754,31660,4294
"MT-TD",71,140,38,106,42,36,53,102,184,10,16,64,10,102,13,53,44,31,35,46,11,4,29,16,91,107,77,70,229,15,129,29,17,24,70,68,193,42,22,37,42,31,64,44,47,16,35,60,52,68,27,50,65,391,77,117,107,184,245,524,206,143,218,108,20,21,160,66,87,207,108,56,164,77,0,98,218,55,33,115,182,190,217,45,96,184,262,273,92,212,76,92,158,102,85,34,58,0,21,26,141,21,110,81,122,48,88,498,76
"MT-TS2",25,165,47,59,63,77,47,86,232,25,2,42,0,110,19,63,30,12,22,44,13,9,35,5,67,137,84,47,286,43,111,32,28,29,64,45,157,39,28,34,36,41,25,36,70,16,24,34,32,46,50,43,28,262,68,117,25,132,355,398,92,162,210,85,12,24,315,72,94,174,171,149,258,29,27,0,504,54,19,206,114,463,378,60,125,278,455,350,271,354,0,167,381,172,134,116,126,38,3,13,422,13,60,226,193,11,199,899,194
"MTCL1",6,23,46,16,0,2,40,3,1,14,12,0,4,0,7,25,16,15,11,42,1,0,4,8,2,7,5,0,5,8,50,1,7,14,1,1,14,11,2,5,8,11,22,16,9,5,4,23,4,13,4,7,14,1,0,3,0,6,2,0,5,8,0,3,1,5,0,1,2,9,9,1,3,0,0,0,12,2,0,6,6,1,0,3,6,5,12,5,22,7,0,5,0,3,10,4,1,0,0,0,3,0,4,3,10,8,30,8,2
"NAIPP1",1,0,1,5,0,6,4,0,0,2,5,6,34,1,3,7,3,10,9,6,5,5,10,1,2,1,1,2,7,0,3,5,5,16,16,19,2,21,6,2,1,6,1,3,6,1,6,5,1,1,11,4,16,0,5,26,12,0,5,4,40,8,9,1,19,4,0,8,11,23,13,3,73,3,0,15,3,67,7,108,6,8,7,9,5,1,5,2,1,7,0,1,5,5,8,4,12,34,1,2,6,0,6,4,8,8,36,0,2
"NDUFA5P11",1,0,0,8,8,0,3,1,0,3,1,2,0,0,4,3,3,2,1,3,4,0,0,0,2,6,3,5,0,7,0,4,5,6,7,11,6,4,4,5,7,2,4,1,10,6,7,4,1,7,3,7,3,4,0,1,0,1,3,0,1,0,7,5,11,6,8,2,3,1,11,15,6,6,11,1,8,16,0,7,9,19,14,4,14,16,4,4,12,9,1,15,7,12,15,11,8,0,1,1,19,0,10,11,9,7,6,12,12
"NECAB2",0,0,0,1,5,10,5,0,0,3,0,0,4,0,0,13,3,1,1,0,2,0,6,0,0,4,0,1,7,1,102,0,1,9,7,1,4,2,7,0,1,1,5,2,17,3,7,1,0,1,1,3,1,6,0,18,2,3,6,27,74,9,6,2,0,0,0,1,0,1,0,0,5,0,0,0,0,5,0,3,6,7,12,5,2,0,4,18,0,1,0,20,0,0,5,33,27,0,0,0,0,18,0,0,11,3,0,4,0
"NEXN",121,198,460,146,231,186,690,221,236,175,97,241,58,50,362,326,465,295,38,227,338,166,199,82,64,95,37,80,29,171,94,74,115,393,416,307,298,76,172,355,110,182,44,359,142,139,86,133,19,70,481,131,48,50,82,597,367,292,272,215,537,377,109,112,178,140,116,1326,282,1347,75,37,424,76,186,99,268,25,129,383,143,163,3111,270,90,62,194,80,80,643,62,3431,82,68,593,78,78,1024,73,218,681,53,287,131,71,89,104,208,596
"NFE4",0,4,13,6,0,1,9,0,3,5,0,0,0,0,6,3,16,0,0,3,3,0,1,0,0,0,0,32,1,7,144,0,0,0,2,4,8,0,0,24,0,0,9,5,0,0,1,0,3,5,0,5,2,3,18,42,7,10,19,24,201,85,10,4,1,2,6,6,0,19,2,0,9,0,0,0,1,2,0,2,7,5,24,1,3,0,2,244,5,6,0,124,5,1,7,15,5,25,0,11,11,0,0,2,1,0,3,13,4
"NFXL1",316,88,216,139,46,101,118,204,114,523,401,149,353,168,190,73,145,208,162,79,159,302,157,271,200,197,108,137,97,114,83,847,162,113,113,78,90,175,297,135,509,128,178,171,202,282,137,85,146,132,27,188,77,60,87,83,104,1658,61,70,226,84,65,1167,4004,514,142,2123,1533,139,171,177,174,274,395,2452,188,831,4218,161,750,584,123,134,199,91,92,89,110,127,316,187,2340,189,203,196,63,298,177,240,141,287,170,181,222,254,193,71,194
"NUP210L",34,5,0,17,4,5,24,1,17,0,0,6,2,17,12,1,4,4,5,12,9,10,9,7,7,1,10,3,6,16,45,3,4,12,3,7,14,16,19,2,7,2,7,6,14,6,7,1,12,0,2,13,13,1,13,0,5,2,0,0,0,6,6,6,5,13,0,8,0,0,3,5,0,0,0,0,5,6,0,6,4,6,0,2,4,0,7,5,3,9,0,18,4,5,1,22,9,0,0,0,15,0,5,10,11,0,10,5,15
"NXPH4",0,32,18,33,7,20,16,3,22,22,12,15,9,6,0,0,10,6,8,91,161,1,3,1,95,17,99,18,4,8,10,5,33,9,8,4,0,30,34,222,31,12,26,18,18,5,9,4,193,48,3,23,119,7,0,0,0,33,0,0,0,0,0,6,1,0,0,13,3,1,3,8,13,0,86,0,3,1,0,49,13,4,0,0,25,108,8,0,25,8,0,3,1,57,7,3,11,14,21,14,21,0,4,20,1,0,29,12,11
"NYAP1",10,0,0,10,18,0,6,9,2,2,0,0,19,11,0,0,6,4,7,6,19,0,0,0,39,4,14,10,9,8,88,0,2,3,1,0,3,17,3,5,4,3,4,13,9,5,4,1,45,9,0,5,5,1,8,0,0,0,0,0,0,0,3,1,1,0,0,0,3,0,6,3,2,0,0,0,11,3,0,13,1,7,0,3,8,4,0,0,0,0,0,0,0,2,3,8,1,0,0,0,4,0,1,3,10,0,6,2,4
"OLAH",0,0,0,5,4,0,0,0,0,4,3,5,0,0,5,0,4,0,0,0,2,0,0,0,0,0,7,2,0,0,339,1,0,0,0,0,3,0,0,0,4,0,0,0,3,1,1,0,0,0,14,1,1,0,2,0,3,97,0,0,1254,19,0,6,35,4,6,5,8,3,1,0,0,33,22,75,1,0,32,7,0,2,41,10,1,0,0,249,7,0,0,1347,23,13,0,0,13,0,0,11,0,0,11,0,0,7,0,0,4
"OLFM4",13,0,0,11,3,0,1,21,0,6,0,7,0,6,0,3,9,0,4,0,9,2,0,1,0,1,0,7,0,2,15,0,3,2,2,0,20,0,0,0,0,0,4,0,0,2,0,4,0,0,0,1,0,2,7,24,1,10,0,5,284,5,7,2,5,0,6,0,3,37,1,0,0,486,1286,0,2,3,0,1,2,11,17,7,3,0,0,99,91,1,0,26,1,15,2,8,0,15,0,0,0,10,1,1,0,0,0,10,0
"ORM1",0,0,25,0,0,19,0,0,30,1,1,0,0,3,3,4,6,1,0,2,0,1,1,2,4,6,2,9,0,21,17,0,6,2,1,11,22,7,0,3,4,6,3,2,3,6,3,30,1,3,1,8,3,0,2,0,0,2,3,10,120,0,7,21,17,4,11,9,6,0,6,1,1,0,38,0,5,2,20,6,29,6,8,1,1,0,5,128,8,7,0,170,105,14,1,3,3,34,0,0,2,0,5,13,9,7,7,2,5
"P2RY1",84,114,441,223,263,368,71,72,57,207,64,556,145,126,110,87,262,103,64,213,161,400,291,720,176,104,88,326,34,37,355,1024,110,51,93,102,267,18,64,147,128,65,82,112,318,161,192,264,201,46,777,82,304,44,9,242,58,500,47,54,222,1198,255,151,472,66,309,54,438,205,244,411,87,424,81,1311,114,210,164,2115,221,43,1334,866,239,228,148,799,66,389,167,975,268,1033,98,78,3803,128,91,264,55,59,279,89,39,99,93,41,102
"PALM",0,30,0,4,12,1,0,3,21,6,7,5,25,3,6,10,4,2,2,7,4,36,0,6,12,0,3,8,1,0,55,0,19,55,16,6,17,4,0,6,6,9,0,17,3,0,25,29,4,2,18,5,1,7,0,2,5,0,0,0,0,9,5,0,0,0,19,1,13,0,4,3,5,0,0,0,8,2,0,1,1,0,0,2,1,12,0,0,7,17,17,0,0,10,2,16,7,0,0,0,0,0,9,11,3,0,15,0,4
"PCSK1N",54,248,95,179,41,196,135,2256,44,60,0,24,8,88,57,101,65,33,65,12,58,13,26,8,35,60,73,46,181,72,88,36,99,32,41,32,40,68,39,30,33,27,79,51,60,59,50,100,58,114,12,79,24,28,46,0,57,31,14,33,17,18,20,9,13,30,58,36,17,61,69,44,26,0,0,15,68,15,34,18,17,22,6,52,68,15,13,0,7,19,0,0,6,39,39,24,10,36,51,41,83,0,34,64,52,8,33,48,29
"PLIN2",1086,210,2387,1006,2117,2770,607,1477,1763,4831,1465,1885,1240,1244,1601,2329,1590,852,779,815,921,2378,1440,1483,1341,688,951,4612,917,1457,1407,11723,4486,840,905,1596,2182,566,4180,1888,3886,907,704,836,2761,1866,1814,3906,1102,722,1828,1139,1277,728,843,1583,2038,15720,555,470,840,2413,888,4519,12675,4296,1747,54357,13580,2354,937,2395,1249,1825,1671,2848,1436,1362,13326,3226,3233,2165,2763,1150,1012,1738,1074,7599,1480,3710,1153,3541,24800,6401,1404,1324,6287,1956,1293,1376,755,814,2055,697,1299,1613,804,528,2544
"PLPP2",8,18,19,4,7,47,11,17,6,0,11,10,2,24,10,2,20,2,36,56,22,1,8,13,33,22,14,7,27,19,117,5,19,29,36,17,0,35,8,73,0,15,39,15,23,6,7,6,17,20,4,14,13,22,9,0,2,4,7,0,0,13,1,14,10,7,8,26,3,0,10,16,1,0,0,0,8,2,81,8,14,5,3,6,13,26,7,0,12,0,0,0,8,5,5,4,5,0,8,9,37,22,8,14,4,32,6,6,11
"PLVAP",0,6,0,0,60,0,0,4,0,6,0,4,26,14,30,2,33,9,10,4,1,0,27,2,4,7,0,0,12,3,121,6,14,16,2,2,0,24,5,10,3,11,15,0,7,3,11,24,2,15,3,4,6,2,10,2,22,1,1,0,0,9,10,3,3,4,16,13,4,5,8,3,13,0,64,0,4,6,0,2,7,2,9,1,1,11,0,0,1,0,0,0,8,4,1,8,3,0,0,14,5,0,1,11,3,0,14,0,2
"RAB13",23,137,7,7,50,40,24,22,1,16,0,2,0,39,51,53,13,6,11,16,8,36,13,12,10,12,15,112,36,41,60,32,29,27,36,19,55,10,11,20,6,18,3,12,16,28,22,37,4,14,29,7,26,35,48,23,38,79,48,5,86,80,27,22,43,20,57,33,27,53,48,129,30,12,24,19,54,49,0,73,61,34,148,189,50,55,77,137,35,94,0,226,130,85,17,29,119,0,0,0,7,0,166,53,28,5,34,23,54
"RN7SL2",100,28,77,86,20,131,34,91,72,56,8,102,4,37,45,29,16,12,21,29,20,17,55,9,680,181,183,458,243,582,470,304,303,526,635,333,300,372,712,164,288,254,401,387,89,940,301,294,575,138,183,338,582,259,303,346,731,534,322,316,886,507,652,690,348,528,182,469,381,351,60,1524,684,0,0,0,1182,2199,0,845,1023,1718,1258,1137,363,1144,1177,4764,925,2029,0,1114,1490,763,767,3031,899,0,0,0,1042,3,1050,1323,1399,1,908,1365,2173
"RNASE1",10,29,268,1,11,127,7,54,35,7,34,47,0,47,138,144,471,10,1,48,48,137,155,13,8,21,10,6,22,48,206,63,54,50,11,274,29,1,4,77,11,19,8,27,12,36,25,141,33,6,38,12,6,4,103,101,61,489,40,20,2324,886,17,25,236,51,5,27,51,195,57,13,21,0,0,286,11,67,0,403,62,19,1148,418,42,56,66,275,0,136,0,2528,182,53,28,22,139,0,0,0,17,0,29,42,8,14,17,3,123
"RNASE4",8,9,4,6,0,5,3,0,6,18,7,2,20,14,4,6,3,12,11,12,7,9,21,6,4,9,1,2,5,19,12,4,14,5,10,7,4,1,20,4,14,4,5,4,12,13,1,10,6,6,0,9,5,4,19,11,13,127,4,0,18,5,3,10,102,16,4,45,22,12,5,5,0,11,0,147,7,8,153,16,13,2,7,26,7,2,4,2,3,4,0,45,36,24,4,1,4,46,28,0,0,0,0,0,5,26,11,4,5
"RPL24P4",31,1,4,32,5,32,23,61,40,70,31,22,15,39,23,43,17,14,24,26,32,32,49,25,168,149,182,171,175,385,64,152,155,111,94,100,37,80,123,148,162,90,180,159,258,248,100,129,165,153,79,158,137,111,32,17,77,109,96,45,31,85,110,210,162,240,657,73,32,42,672,376,277,7,83,1,344,309,20,309,297,448,142,220,425,330,244,185,341,244,38,227,206,468,515,225,257,28,44,79,389,41,291,241,275,63,434,332,392
"RPL39P15",14,2,0,1,7,2,8,4,10,6,5,3,14,1,1,5,14,10,6,3,4,3,2,11,7,9,8,2,4,13,3,12,6,12,3,1,3,10,2,1,7,4,7,3,2,11,2,4,11,9,0,5,2,10,0,1,8,1,2,1,0,3,1,1,5,6,16,3,7,2,4,6,3,89,132,25,6,5,41,2,4,7,0,5,4,0,2,0,5,15,44,4,8,4,8,10,3,33,15,41,10,46,7,6,18,20,9,3,4
"RRAD",0,16,0,13,631,22,4,25,0,80,0,45,5,96,246,399,134,9,10,54,173,11,82,11,3,9,8,74,14,80,13,7,5,47,95,426,4,25,8,590,8,189,54,253,3,3,107,2,12,10,7,17,6,12,151,38,185,8,27,28,25,13,14,1,2,5,42,11,5,4,46,19,31,0,0,0,5,7,0,19,8,1,0,12,88,40,191,0,12,68,0,16,6,6,7,10,126,54,0,0,6,3,6,30,13,49,3,21,41
"S100P",9,26,57,76,17,58,27,12,42,36,6,14,28,18,224,5,134,2,58,52,21,16,41,3,38,70,22,279,105,138,1683,28,40,249,17,36,142,7,37,15,10,41,78,27,55,47,15,99,2,40,16,23,23,194,59,80,86,174,474,351,1027,565,57,9,92,12,149,29,25,39,2,29,56,104,132,0,21,202,8,88,218,58,432,46,32,24,93,4898,154,684,0,1819,279,82,22,68,361,0,2,33,33,29,30,49,21,37,14,18,20
"SAP30-DT",31,34,25,26,26,44,14,22,23,46,18,11,20,11,14,14,20,37,19,16,28,18,25,15,13,10,15,6,19,13,19,40,15,11,16,5,11,15,23,19,14,9,23,17,41,33,11,11,14,8,35,37,10,11,13,13,21,325,11,12,39,26,18,53,182,40,14,152,159,25,23,10,59,0,28,135,37,14,132,58,41,53,73,39,26,35,19,20,7,32,31,94,230,61,15,16,18,9,4,31,28,86,13,17,38,26,27,9,28
"SDC2",57,8,222,115,20,317,2,36,95,422,74,122,64,25,66,103,56,87,91,180,80,69,48,248,60,348,63,572,51,142,14,168,443,48,20,238,45,12,70,128,597,20,24,30,166,487,108,124,74,33,139,82,142,37,26,85,44,300,30,8,33,62,29,166,519,56,36,136,139,38,44,539,5,180,106,4646,106,230,295,463,275,31,436,463,71,132,24,234,29,452,0,167,535,752,50,19,1103,94,29,138,68,27,197,147,31,66,26,25,84
"SDK2",105,13,28,265,31,51,264,94,86,105,94,28,20,55,0,0,33,104,83,102,100,7,70,53,124,19,133,11,15,24,187,77,16,40,27,41,8,266,77,27,54,74,161,80,9,65,90,29,160,96,7,51,162,4,11,1,5,40,0,0,0,11,0,41,31,39,41,44,6,3,15,20,75,0,45,52,141,18,41,41,29,103,26,9,91,32,21,19,69,0,31,12,65,19,136,55,2,21,29,70,40,55,7,57,94,24,84,44,32
"SERPINB2",1,0,124,14,17,44,2,117,89,267,87,51,45,18,4,18,12,0,8,0,3,28,5,7,5,130,0,1632,7,23,30,51,33,25,3,44,45,3,6,8,1306,21,0,22,17,10,65,64,2,0,14,5,5,12,25,547,125,111,7,14,6,212,31,23,133,25,33,239,410,63,4,44,72,0,0,4795,85,670,28,48,103,39,176,417,86,4,5,2154,67,1175,0,725,487,28,34,55,695,14,0,19,1,0,67,61,3,0,11,0,16
"SERPING1",340,954,228,81,9270,137,54,475,135,72,156,2452,387,196,7973,1099,3968,188,149,2030,1095,1380,1775,2377,70,111,63,454,143,154,457,65,134,5551,77,1640,253,133,81,1924,68,1278,103,73,75,786,1947,275,45,136,11783,87,182,103,1445,1711,2978,37,290,446,68,1196,164,300,947,1806,106,99,5650,880,525,57,81,224,172,27,54,129,213,929,203,39,154,52,31,1292,2523,17,12,312,62,35,290,129,535,175,153,91,224,101,24,25,1823,49,152,1315,68,56,277
"SLC1A3",1,3,58,4,39,12,1,0,4,26,12,13,29,20,34,16,31,19,6,8,8,42,13,35,13,2,9,102,1,2,42,80,6,16,13,17,20,1,32,20,8,16,17,13,71,28,28,29,11,5,117,26,16,4,28,30,21,204,19,10,75,77,28,37,179,29,4,19,142,4,13,19,7,22,0,108,9,21,0,354,24,8,258,82,9,47,14,99,2,29,42,270,42,153,4,16,53,0,16,38,7,5,28,22,13,18,12,22,11
"SLC26A8",0,11,0,8,12,16,0,13,0,10,0,3,2,10,15,7,14,2,7,9,1,13,26,6,2,1,5,29,3,5,37,4,1,3,20,3,20,3,5,3,2,8,5,3,2,5,14,24,1,7,10,4,1,0,13,38,18,2,13,38,76,50,8,1,12,1,15,6,2,3,3,10,16,0,0,22,3,29,0,2,8,1,21,50,4,0,1,75,19,9,0,114,8,2,1,23,17,0,0,18,0,30,6,11,0,0,17,4,11
"SLC2A5",26,18,81,127,10,7,166,46,16,51,132,16,47,34,7,57,30,59,39,88,18,20,25,7,52,68,30,54,10,21,33,57,95,23,29,30,16,83,100,33,73,16,34,15,26,50,70,13,71,61,13,43,50,18,16,19,9,805,15,0,13,5,10,149,437,88,19,615,291,25,42,35,38,0,75,18,26,30,285,39,102,44,93,31,168,73,33,25,87,60,0,49,412,76,50,45,8,61,9,84,12,0,27,59,25,44,53,30,19
"SLPI",9,0,16,65,3,3,0,7,19,0,0,8,9,0,46,9,15,0,0,2,5,3,4,0,6,0,0,153,13,8,349,1,1,30,29,10,30,0,2,4,1,4,4,6,2,0,9,5,1,5,12,0,1,31,46,34,10,12,84,36,189,109,54,2,2,8,54,0,9,21,9,2,16,54,101,0,7,7,0,5,9,40,54,16,2,6,24,1172,84,27,0,59,87,33,0,31,19,0,0,0,2,0,17,6,8,0,1,12,9
"SNAPC1",37,21,31,44,39,46,51,53,75,219,115,33,72,35,31,9,21,29,52,65,99,52,28,54,59,59,61,52,20,43,46,124,93,21,14,36,5,29,57,35,55,21,16,25,56,60,27,45,51,65,20,17,37,30,33,23,46,322,25,7,20,17,16,123,159,129,24,858,224,39,28,114,39,54,199,88,45,16,645,61,102,136,39,51,54,101,66,145,81,74,84,73,335,83,75,65,87,96,66,82,47,124,60,56,50,76,97,36,25
"SNORD3A",1,0,0,8,5,0,0,3,3,2,0,0,11,7,3,5,0,1,8,2,4,7,2,1,56,15,6,10,9,49,7,10,32,25,11,6,16,3,11,7,9,13,13,23,8,23,15,4,24,11,5,15,21,31,35,6,52,15,47,23,4,10,22,8,8,19,73,12,14,19,8,22,5,0,0,0,7,15,0,12,12,18,5,14,44,21,45,27,65,92,0,76,72,44,41,38,11,0,0,0,127,0,4,72,56,2,79,66,89
"SPRY2",69,10,428,115,65,57,27,83,87,127,68,44,103,99,259,85,173,34,44,58,76,130,145,54,9,23,9,163,47,50,202,52,26,28,65,41,317,14,9,30,38,54,28,36,55,13,64,72,16,15,61,39,27,67,35,354,196,616,89,29,669,499,89,13,146,39,32,23,51,76,86,33,68,48,129,250,26,28,16,64,24,27,697,1399,78,25,30,252,31,127,0,3004,68,104,59,13,859,84,51,21,31,51,108,42,21,101,23,25,19
"STAC",6,395,92,5,0,0,4,0,0,6,0,8,4,0,2,7,8,2,1,0,3,1,6,1,5,1,1,13,40,3,102,1,1,13,10,6,14,0,0,5,0,1,1,1,1,0,3,26,5,2,11,1,1,5,0,1,8,2,3,3,0,0,0,2,2,2,0,3,1,15,6,7,10,0,0,19,3,5,0,0,3,0,5,115,5,0,0,0,0,3,0,3,3,2,2,4,1,0,0,9,0,0,5,2,1,0,5,0,3
"SYN2",0,0,0,16,9,2,4,7,0,5,0,2,8,1,4,14,5,0,4,8,0,11,12,0,3,2,1,18,0,7,26,0,2,3,3,4,15,0,3,4,2,1,1,1,1,2,3,4,0,0,16,0,0,5,1,21,7,10,0,7,61,31,0,0,5,5,0,2,2,5,1,1,8,0,0,27,7,12,0,2,1,4,60,17,1,0,2,48,4,3,0,85,9,1,1,8,23,0,0,0,0,9,20,2,2,3,1,3,0
"TCEAL9",23,73,250,35,0,36,101,31,47,52,61,20,8,26,36,82,28,37,5,12,34,11,14,5,47,79,4,40,27,58,46,19,53,7,96,47,44,18,29,70,42,21,8,31,54,33,5,35,10,7,12,50,6,17,24,87,26,77,59,23,183,22,10,14,52,28,57,302,4,303,24,25,112,0,33,29,34,5,0,63,55,44,422,74,12,1,36,36,35,42,31,616,27,44,85,17,11,271,8,40,229,65,17,19,14,49,12,26,56
"TCN1",5,0,0,4,0,0,0,3,0,2,0,0,0,12,8,0,1,0,0,1,0,0,1,1,0,1,0,5,10,0,17,0,0,0,0,0,29,0,0,0,0,0,1,1,1,0,0,13,0,0,2,0,0,0,9,28,14,5,0,8,35,18,9,0,0,1,6,1,2,0,1,0,5,140,276,0,2,0,0,1,4,2,25,6,1,7,17,40,36,7,0,31,4,4,4,2,4,20,0,0,1,0,6,0,2,0,5,1,0
"TENT5B",20,15,0,7,62,5,4,0,9,2,0,4,4,16,41,29,17,4,22,9,15,5,33,9,1,3,1,3,15,13,185,5,4,47,28,21,5,13,1,9,3,26,30,14,8,1,57,4,8,3,13,6,3,23,38,7,8,0,5,0,0,6,19,1,1,2,21,0,3,0,16,14,0,0,0,0,4,1,0,5,3,1,0,4,4,5,2,0,2,4,0,3,0,2,1,2,24,0,0,0,2,0,5,2,5,9,10,1,0
"THBS1",1162,6442,18616,4827,2242,9261,882,1235,4189,26521,4210,345,4914,789,2071,1430,1463,399,203,646,400,937,2658,1863,2149,11457,1010,28083,1310,634,6669,5966,383,252,948,1199,2028,312,2502,682,61367,1067,401,1895,2247,4995,2770,3162,2055,786,3231,2304,2276,953,2031,2280,1087,56150,534,1846,11997,3882,1044,3060,26236,4329,2819,10672,11086,4149,1312,19108,661,1640,650,219161,2250,9062,17905,13703,3497,747,28916,66583,1349,718,1435,24046,1613,15333,1357,47345,42879,11626,1910,1338,30560,1885,2363,3063,338,295,1147,2318,422,805,1651,487,938
"THBS1-IT1",5,0,22,0,10,10,0,0,4,12,6,2,1,6,0,0,1,0,0,6,0,0,12,1,9,20,2,52,1,0,8,12,0,3,0,5,6,0,10,0,72,0,1,5,10,11,5,1,4,4,4,11,9,0,0,9,0,64,0,5,40,20,7,1,31,21,6,16,23,0,5,18,1,0,0,373,1,19,0,32,9,1,43,207,5,0,4,37,7,15,46,77,47,30,6,2,33,0,0,0,0,0,2,0,0,0,3,0,0
"TMEM158",159,2878,436,295,441,708,249,438,533,72,203,32,89,448,551,301,186,53,107,76,213,107,273,94,80,236,83,1158,171,434,441,116,139,93,585,194,2478,73,54,239,129,488,228,115,178,42,73,257,85,238,208,55,37,310,299,274,267,133,112,322,167,137,84,221,41,129,99,353,252,1608,51,93,25,51,133,144,326,7,94,16,22,48,63,177,248,61,192,35,66,651,10,136,47,71,52,87,95,101,149,103,33,80,166,175,136,199,105,218,84
"TMEM238",173,195,429,407,270,419,473,309,241,238,32,85,31,535,222,537,302,177,342,218,311,148,142,53,237,200,236,203,445,770,250,215,263,232,326,232,237,288,163,257,210,233,354,269,175,247,214,193,321,446,76,330,200,261,337,76,244,168,149,129,48,81,94,138,87,130,175,242,77,255,278,67,96,0,52,68,79,45,43,69,78,95,59,30,66,49,42,17,85,98,108,50,51,141,170,66,63,52,54,138,119,126,58,144,140,30,94,149,198
"TMIGD3",0,19,23,15,16,31,2,3,4,18,2,17,9,3,13,10,5,4,2,7,1,13,13,7,1,5,14,16,4,8,34,22,8,10,3,19,4,1,9,6,2,5,3,5,17,18,15,6,8,3,45,11,11,20,41,19,37,363,1,8,474,31,16,38,176,19,16,26,135,1,6,7,9,20,0,141,7,20,0,97,17,7,96,140,9,33,3,36,4,28,0,352,194,43,1,11,105,18,13,0,6,0,8,13,3,0,15,4,19
"TNFAIP6",9,0,91,17,47,19,5,12,36,24,12,15,28,13,22,14,36,2,0,6,2,7,12,9,11,36,15,71,1,5,58,24,15,5,6,28,10,29,23,28,15,12,3,7,22,21,9,54,12,32,62,42,8,11,29,333,110,49,42,101,449,221,14,11,52,68,7,26,56,21,8,12,19,44,199,139,50,52,120,19,38,29,203,86,5,15,47,489,22,145,0,272,62,16,21,43,36,62,7,0,2,17,29,12,14,19,6,3,2
"TNFRSF10C",6,24,54,79,37,5,10,70,32,21,10,16,11,20,75,56,103,17,33,15,22,68,29,6,4,26,8,184,35,31,127,44,12,28,16,48,44,17,22,2,10,27,24,25,21,46,23,75,21,37,82,18,9,111,125,558,147,12,208,335,608,228,80,20,39,20,73,13,21,8,11,25,122,0,55,0,57,71,0,35,109,39,324,45,14,15,23,225,56,37,0,379,90,16,13,171,69,0,19,0,5,0,22,38,26,30,43,9,8
"TPBG",0,52,0,3,26,4,19,12,0,4,0,6,14,23,6,3,13,5,5,0,8,0,3,0,1,7,3,4,2,5,0,8,0,5,32,9,3,0,8,2,6,2,13,15,3,2,10,6,2,1,3,19,8,26,12,7,16,2,0,0,4,6,5,1,2,2,3,4,0,7,5,1,1,0,0,0,2,4,0,1,0,5,0,3,0,11,3,0,9,10,0,0,0,0,2,5,0,0,14,0,3,20,0,8,10,0,6,5,3
"TPBGL",14,4,0,17,0,22,14,10,0,12,0,4,13,9,14,16,15,6,27,6,26,9,14,2,3,5,4,0,16,4,0,1,5,9,10,4,0,9,10,2,13,6,9,20,3,11,8,12,7,6,2,17,3,15,4,3,6,0,9,0,0,11,0,2,2,8,0,0,1,3,14,2,14,0,0,0,9,4,0,1,7,0,9,0,3,9,3,5,2,0,0,2,0,2,0,1,0,11,18,0,11,0,4,7,8,0,10,4,5
"TPST1",51,9,464,100,104,387,86,74,66,177,39,116,52,111,41,34,121,29,65,80,185,52,74,47,48,42,167,122,23,40,537,149,7,30,90,86,165,70,69,264,21,46,87,23,334,163,147,70,138,35,98,58,108,42,116,162,81,809,72,60,1075,826,106,107,277,50,38,47,196,20,44,122,44,54,32,1326,77,134,7,1576,140,77,880,989,417,285,62,1002,143,371,0,1161,392,852,42,56,4315,152,21,98,69,17,125,71,33,73,103,72,105
"TRPM4",16,32,4,27,128,63,20,37,14,29,40,19,80,139,199,120,51,41,84,94,40,18,125,27,47,109,29,38,84,35,400,25,35,111,81,65,25,77,44,60,27,52,46,42,36,62,27,26,15,65,73,20,46,74,136,63,44,12,50,42,11,15,23,66,52,52,1816,28,38,32,49,22,31,0,0,0,31,50,69,32,36,13,9,26,12,32,19,0,6,33,0,41,26,31,22,34,65,34,132,9,17,0,25,43,14,0,43,14,35
"UTF1",13,32,78,58,121,102,31,8,53,13,26,18,0,83,48,212,93,18,31,110,39,30,55,33,13,42,40,61,56,67,26,34,36,35,96,70,64,29,29,35,21,27,27,47,24,19,55,54,20,32,70,42,28,21,77,59,46,32,28,32,0,11,19,14,28,87,43,37,16,23,41,20,21,0,0,0,21,29,0,23,10,10,15,25,28,10,6,0,4,21,0,61,9,32,10,12,66,15,17,45,9,0,51,14,15,32,17,4,21
"VLDLR",12,0,0,6,0,12,5,20,8,11,19,0,14,7,5,1,10,11,5,6,16,8,31,15,4,5,0,17,6,6,1,9,12,12,2,9,4,7,4,4,21,11,13,5,8,4,15,9,5,1,0,4,2,3,1,0,18,56,3,0,0,6,6,45,54,19,0,116,74,27,8,5,1,6,36,23,9,17,75,4,17,5,5,21,13,11,0,3,3,3,95,26,72,30,4,33,22,20,25,0,5,20,12,7,17,0,10,5,4
"VNN1",11,65,92,48,28,85,11,35,108,71,135,40,168,60,144,58,57,90,32,16,29,154,82,30,14,65,6,179,73,38,213,88,71,24,39,20,141,36,62,43,51,137,46,6,49,125,103,159,15,43,170,39,9,48,100,175,91,213,51,38,749,694,52,37,418,75,33,69,150,35,33,18,186,11,204,783,117,206,292,25,28,24,118,460,17,31,37,1268,99,94,39,336,77,17,10,333,143,77,46,41,15,73,50,84,52,189,122,17,37
"VNN3",10,2,101,25,20,31,20,58,175,70,38,8,73,62,28,39,77,19,42,2,19,34,76,12,6,102,7,144,62,39,126,41,42,52,36,51,54,20,56,45,131,55,15,16,44,98,36,68,10,23,29,7,11,126,129,381,180,100,121,424,591,324,98,79,200,83,77,65,69,29,34,41,105,39,109,477,150,101,81,30,164,57,156,459,21,21,42,448,113,139,0,271,313,21,15,239,115,0,31,24,22,17,20,59,15,70,98,22,17
"VSIG4",24,14,431,5,25,982,11,10,34,88,164,8,106,269,113,237,28,30,34,29,10,26,49,14,4,56,13,22,125,85,286,120,58,13,89,44,89,33,34,21,52,19,18,15,33,48,35,218,25,21,227,109,52,69,30,17,21,868,79,4,2359,1447,141,32,487,19,151,49,179,33,199,310,78,80,0,855,102,86,50,291,136,65,768,891,128,25,15,210,65,97,104,3639,711,145,13,81,490,109,207,13,35,21,344,100,71,45,65,31,42
"ZDHHC1",247,194,41,35,1519,244,85,77,142,108,57,178,32,471,600,564,176,70,185,330,341,139,318,217,211,242,198,34,201,216,56,185,186,208,565,588,52,212,219,295,63,290,214,267,191,193,362,79,144,335,171,179,178,99,469,74,277,53,115,36,25,72,165,154,66,255,411,112,206,74,347,140,157,132,38,19,21,66,86,121,166,92,13,25,77,173,279,18,37,67,102,60,37,127,63,34,245,134,515,55,84,17,135,77,43,77,128,120,60
"ZNF541",9,5,0,4,6,0,9,9,0,2,3,4,9,1,1,0,18,12,16,7,9,16,17,1,7,0,10,1,12,14,117,9,5,26,4,10,2,28,10,14,7,20,7,19,11,6,7,5,5,11,3,22,7,3,16,0,6,11,3,4,0,24,3,7,5,10,0,5,7,0,14,2,1,0,0,0,13,4,0,3,13,7,1,8,8,5,4,0,1,0,0,0,4,2,5,2,0,24,0,0,8,0,3,14,19,7,9,6,17
